epoch,time,train/box_loss,train/cls_loss,train/dfl_loss,metrics/precision(B),metrics/recall(B),metrics/mAP50(B),metrics/mAP50-95(B),val/box_loss,val/cls_loss,val/dfl_loss,lr/pg0,lr/pg1,lr/pg2
1,416.594,3.16214,4.65678,4.17384,0.00111,0.28914,0.01417,0.00229,2.47492,4.86223,4.07682,0.0021,0.0021,0.0811
2,831.893,3.00285,4.37444,4.05037,0.0011,0.28914,0.01896,0.00407,2.44793,4.8183,4.03849,0.00421486,0.00421486,0.0612149
